File Name,Page URL,Encoding,PREV,PAGE,NEXT,LAST,FIRST,failed,comment
1,https://forums.oneplus.net/threads/marsh-cm13.405700/,UTF-8,,".PageNavNext+ a , .currentPage , .scrollable a",.text,,,,
2,https://forums.oneplus.net/threads/marsh-cm13.405700/page-5,UTF-8,.text:nth-child(1),".PageNavNext+ a , .scrollable a , .text+ a",a+ .text,,,,
3,https://forums.oneplus.net/threads/marsh-cm13.405700/page-243?versionfrom=2014,UTF-8,.text,".text+ a , .currentPage , .items a",,,,,
4,http://www.zoeken.nu/115755/bedrijf/rabobank-drechtsteden.html,cp1252,,,,,,,
5,https://oneplus.net/,UTF-8,,,,,,,
6,https://www.mypapershop.com/patricks-day-supplies.html,UTF-8,,.searchspring-pageSelect,.searchspring-next,,,,
7,https://www.mypapershop.com/mm5/merchant.mvc?Session_ID=56e7cf6116038eec3b953a976519a103&Store_Code=MPS&Screen=CTGY&Category_Code=patricks-day-supplies&CatListingOffset=24&Offset=24&Per_Page=24&Sort_By=disp_order,UTF-8,.searchspring-previous,.searchspring-pageSelect,.searchspring-next,,,,
8,https://www.mypapershop.com/mm5/merchant.mvc?Session_ID=56e7cf6116038eec3b953a976519a103&Store_Code=MPS&Screen=CTGY&Category_Code=patricks-day-supplies&CatListingOffset=48&Offset=48&Per_Page=24&Sort_By=disp_order,UTF-8,.searchspring-previous,.searchspring-pageSelect,,,,,
9,http://www.civfanatics.ru/content/,UTF-8,,,,.first_last a,,1,selectorgadget doesn’t lock navigation
10,http://www.newschittagong24.com/,UTF-8,,,,,,,
11,http://www.newschittagong24.com/?cat=1,UTF-8,,.page,a:nth-child(7),.last,,,
12,http://www.newschittagong24.com/?cat=1&paged=5,UTF-8,a:nth-child(4),.page,a:nth-child(10),.last,.first,,
13,http://www.newschittagong24.com/?cat=1&paged=1422,UTF-8,a:nth-child(7),.page,,,.first,,
14,http://binarymarket.ru/category/strategy,UTF-8,,.larger,.nextpostslink,,,,
15,http://binarymarket.ru/category/strategy/page/2,UTF-8,.previouspostslink,.smaller,,,,,
16,http://www.michelson.pl/,UTF-8,,,,,,,
17,http://www.michelson.pl/pierscionki-zareczynowe-1-html/,UTF-8,,".current+ li a , .pages li:nth-child(3) a , .pages li:nth-child(4) a , .pages li:nth-child(5) a",.i-next,,,,
18,http://www.michelson.pl/pierscionki-zareczynowe-1-html/?p=4,UTF-8,.i-previous,".pages li:nth-child(3) a , .pages li:nth-child(6) a , .current+ li a , .pages li:nth-child(2) a",.i-next,,,,
19,http://www.michelson.pl/pierscionki-zareczynowe-1-html/?p=10,UTF-8,.i-previous,.pages li+ li a,,,,,
20,http://www.route41.fr/,UTF-8,,,,,,,
21,http://www.trioplast.com/brands/lundins/,UTF-8,,,,,,,
22,https://www.icontact.com/blog,UTF-8,,,.next_posts,,,,
23,https://www.icontact.com/blog/page/2,UTF-8,.prev_posts,,.next_posts,,,,
24,http://allmonitors.net/,UTF-8,,,,,,,
25,http://rumorfix.com/,UTF-8,,".current+ .page-numbers , .page-numbers:nth-child(3) , .dots+ .page-numbers , .page-numbers:nth-child(4)",.next,,,,
26,http://rumorfix.com/page/4/,UTF-8,.prev,".dots+ .page-numbers , .page-numbers:nth-child(8) , .page-numbers:nth-child(7) , .current+ .page-numbers , .page-numbers:nth-child(4) , .page-numbers:nth-child(3) , .prev+ .page-numbers",.next,,,,
27,http://rumorfix.com/page/1097/,UTF-8,.prev,.page-numbers+ a,,,,,
28,https://www.safarinow.com/,UTF-8,,,,,,,
29,http://forums.pdfforge.org/categories/help,UTF-8,,"#PagerBefore li:nth-child(10) a , #PagerBefore li:nth-child(8) a , #PagerBefore li:nth-child(7) a , #PagerBefore li:nth-child(6) a , #PagerBefore li:nth-child(5) a , #PagerBefore li:nth-child(4) a , .active+ li a , .Highlight",.Next,,,,
30,http://forums.pdfforge.org/categories/help/p6,UTF-8,.Previous,"#PagerBefore li:nth-child(12) a , #PagerBefore li:nth-child(10) a , #PagerBefore li:nth-child(9) a , .active+ li a , .Highlight , #PagerBefore li:nth-child(6) a , #PagerBefore li:nth-child(5) a , #PagerBefore li:nth-child(4) a , #PagerBefore li:nth-child(2) a",.Next,,,,
31,http://forums.pdfforge.org/categories/help/p204,UTF-8,.Previous,#PagerBefore li+ li a,,,,,
32,http://www.pref.kyoto.jp/visitkyoto/en/info_required/traditional/kyoto_city/,cp1252,,,,,,,
33,http://tomandlorenzo.com/,UTF-8,,".dots+ .page-numbers , .page-numbers:nth-child(3) , .current+ .page-numbers",.next,,,,
34,http://tomandlorenzo.com/page/3/,UTF-8,.prev,".dots+ .page-numbers , .page-numbers:nth-child(6) , .current+ .page-numbers , .page-numbers:nth-child(3) , .prev+ .page-numbers",.next,,,,
35,http://tomandlorenzo.com/page/673/,UTF-8,.prev,.page-numbers+ a,,,,,
36,http://bitterkittens.com/categories/the-t-lounge,UTF-8,,"#PagerAfter a:nth-child(4) , .Highlight , .Highlight+ a , #PagerBefore a:nth-child(4) , a:nth-child(5) , a:nth-child(6) , a:nth-child(7) , a:nth-child(8) , .Ellipsis+ a , .MiniPager a",.Next,,,,
37,http://bitterkittens.com/categories/the-t-lounge/p8,UTF-8,.Previous,".MiniPager a , a:nth-child(10) , a:nth-child(9) , a:nth-child(8) , .Highlight+ a , .Highlight , a:nth-child(5) , .Ellipsis+ a , .Previous+ a",.Next,,,,
38,http://bitterkittens.com/discussion/868/kittentariat-open-chat-11-the-lounge-is-open,UTF-8,,"#PagerAfter a:nth-child(4) , a:nth-child(5) , #PagerBefore a:nth-child(4) , .Highlight+ a , .Highlight",.Next,,,,
39,http://www.gekiura.com/news/2016310/,UTF-8,.page_prev a,,,,,,
40,http://www.gekiura.com/news/201639/,UTF-8,.page_prev a,,.page_next a,,,,
41,http://www.askdin.com/,UTF-8,,,,,,,
42,http://www.askdin.com/thread53668-3.html#post783075,UTF-8,.prev_next a,.prev_next~ span a,,,.first_last a,,
43,http://juragancipir.com/forums/forum/diskusi-blog/,UTF-8,,".dots+ .page-numbers , .current+ .page-numbers",.next,,,,
44,http://juragancipir.com/forums/forum/diskusi-blog/page/2/,UTF-8,.prev,".current+ .page-numbers , .dots+ .page-numbers , .prev+ .page-numbers",.next,,,,
45,http://juragancipir.com/forums/forum/diskusi-blog/page/20/,UTF-8,.prev,".prev+ .page-numbers , .dots+ .page-numbers",,,,,
46,https://www.fbo.gov/index?s=opportunity&mode=list&tab=list,cp1252,,".lst-pg a:nth-child(3) , a:nth-child(4) , a:nth-child(5) , a:nth-child(6) , a:nth-child(7) , a:nth-child(9) , b+ a",a:nth-child(8),,,1,
47,http://citysquares.com/,UTF-8,,,,,,,
48,http://www.noobmeter.com/player/ru/BeceJIoE_DNO/25506082/,UTF-8,,,,,,,
49,http://www.noobmeter.com/clanTop/ru/WN8/,UTF-8,,,,,,,
50,http://themestotal.com/,UTF-8,,".pagination li:nth-child(3) a , .disabled+ li a , .pagination li:nth-child(4) a , .pagination li:nth-child(5) a , .disabled a",.pagination li:nth-child(6) a,,,,
51,http://themestotal.com/page/3,UTF-8,.pagination li:nth-child(1) a,".pagination li:nth-child(8) a , .pagination li:nth-child(7) a , .pagination li:nth-child(6) a , .disabled+ li a , .disabled a , .pagination li:nth-child(3) a , .pagination li:nth-child(2) a",.pagination li:nth-child(9) a,,,,
52,http://www.debijenkorf.nl/herenmode/jassen,UTF-8,,".dbk-pagination--link:nth-child(3) .dbk-link , .dbk-pagination--link:nth-child(4) .dbk-link , .dbk-pagination--link:nth-child(5) .dbk-link , .dbk-pagination--link:nth-child(7) .dbk-link , .dbk-pagination--link:nth-child(2) .dbk-link",.dbk-pagination--link:nth-child(8) .dbk-link,,,,
53,http://www.debijenkorf.nl/action/ViewParametricSearch-Browse?fh_location=%2F%2Fcatalog01%2Fnl_NL%2Fcategories%3C%7Bcatalog01_80%7D%2Fcategories%3C%7Bcatalog01_80_4460%7D&fh_start_index=96&chl=1&cg=ig_unregisteredusers&fh_sort=-voorraad_indication%2C-%24ranking_startseason_fashion&fh_modification=95141968-0070-4557-8f2a-fa8373852e2e%2Cf4f86d85-8605-4caf-8963-72453bcb2976%2C273671b4-51a7-474f-b06c-b5e29969095a%2Ccb7dad1a-a063-4154-a8e9-0d78c7b1714e%2Ce6feca0d-a97e-49a6-8602-e654ca5ceac6%2C5fc7fb12-4e7a-4b28-8957-52c11882c221%2C,UTF-8,.dbk-pagination--link:nth-child(1) .dbk-link,".dbk-pagination--link:nth-child(10) .dbk-link , .dbk-pagination--link:nth-child(8) .dbk-link , .dbk-pagination--link:nth-child(7) .dbk-link , .dbk-link.active , .dbk-pagination--link:nth-child(5) .dbk-link , .dbk-pagination--link:nth-child(4) .dbk-link , .dbk-pagination--link:nth-child(2) .dbk-link",.dbk-pagination--link:nth-child(11) .dbk-link,,,,
54,http://www.iens.nl/restaurant/10545/enschede-rhodos/recensie#6,UTF-8,,".pagination_active , .pagination_active+ a",.pagination_next,,,,
55,https://www.tripadvisor.ru/Restaurant_Review-g188590-d1531839-Reviews-Le_Restaurant-Amsterdam_North_Holland_Province.html#REVIEWS,UTF-8,,.pageNum.taLnk,#REVIEWS .primary,,,,
56,http://www.zoover.nl/nederland/noord-holland/amsterdam/movenpick-amsterdam-city-centre/hotel,UTF-8,,.pagination-listing a,.pagination-nav--next span,,,,
57,http://www.amazon.com/Python-Data-Analysis-Wes-McKinney/product-reviews/1449319793/ref=cm_cr_dp_see_all_btm?ie=UTF8&showViewpoints=1&sortBy=bySubmissionDateDescending,UTF-8,,.page-button a,.a-last a,,,,
58,http://www.amazon.com/Python-Data-Analysis-Wes-McKinney/product-reviews/1449319793/ref=cm_cr_arp_d_paging_btm_12?ie=UTF8&showViewpoints=1&sortBy=bySubmissionDateDescending&pageNumber=12,UTF-8,#cm_cr-pagination_bar li:nth-child(1) a,.page-button a,,,,,
59,http://www.notebooksbilliger.de/forum,cp1252,,"a:nth-child(8) .activ_link , a:nth-child(10) .activ_link , a:nth-child(14) .activ_link , a:nth-child(12) .activ_link",a:nth-child(16) .activ_link,a:nth-child(18) .activ_link,,,
60,http://www.notebooksbilliger.de/forum/Aktuelle+Themen/Seite/3,cp1252,a:nth-child(4) .activ_link,"a:nth-child(10) .activ_link , a:nth-child(14) .activ_link , a:nth-child(12) .activ_link , a:nth-child(8) .activ_link , a:nth-child(6) .activ_link",a:nth-child(16) .activ_link,,.dead_link_title+ a .activ_link,,
61,http://www.terraforums.com/forums/forum111/?s=6ef2dc853f8f83ceb07b30be0370bb0d,cp1252,,"#yui-gen82 .selected a , #threads .pagination a , #stickies .pagination a , span:nth-child(6) a , span:nth-child(7) a , span:nth-child(5) a , .selected+ span a , #yui-gen6 .selected a",.prev_next a,.first_last a,,,
62,http://www.terraforums.com/forums/north-american-sarracenia-conservancy/93602-pollinate-sarracenia-flower-2.html,cp1252,.prev_next a,"#yui-gen40 .selected a , #yui-gen6 .selected a , .prev_next+ span a",,,.first_last a,,
63,http://www.zone-concours.com/forum/temoignages-f26.html,UTF-8,,.pagination span a,,,,,
64,http://www.zone-concours.com/forum/jeux-zelda-pour-ds-dsi-et-3ds-gratuit-t190.html,UTF-8,,,,,,,
65,http://forum.astral-guild.net/board/24/,UTF-8,,,table+ #bb a,,,,
66,http://forum.astral-guild.net/board/24/?page=1,UTF-8,table+ #bb a:nth-child(1),,#bb a+ a,,,,
67,http://forum.flyordie.com/,UTF-8,,,,,,,
68,http://forum.flyordie.com/forum.jsp?forum=2,UTF-8,,"font+ font a , b+ .forum , .forum+ .forum b , b+ .forum b",img+ .forum,,,,
69,http://forum.flyordie.com/forum.jsp?forum=2&start=75&thRange=15,UTF-8,.forum:nth-child(2),"font+ font a , b+ .forum b , td td a+ a , .forum+ .forum b , img+ .forum b",.forum:nth-child(16),,,,
70,https://forum.mindfactory.de/forum.php,iso8859-15,,,,,,,
71,https://forum.mindfactory.de/f42-bestellungen?s=1d0f438e682374556630f48524e4a39b,iso8859-15,,"#below_threadlist .selected a , span:nth-child(6) a , span:nth-child(7) a , span:nth-child(8) a , span:nth-child(9) a , span:nth-child(10) a , span:nth-child(11) a , span:nth-child(5) a , .selected+ span a , #yui-gen6 .selected a",.prev_next a,.first_last a,,,
72,https://forum.mindfactory.de/f42-bestellungen-101.html,iso8859-15,.first_last+ .prev_next a,"#below_threadlist .selected a , span:nth-child(18) a , span:nth-child(17) a , span:nth-child(16) a , span:nth-child(15) a , span:nth-child(14) a , .selected+ span a , #yui-gen6 .selected a , span:nth-child(11) a , span:nth-child(10) a , span:nth-child(9) a , span:nth-child(8) a , span:nth-child(7) a , span:nth-child(19) a , span:nth-child(6) a",.separator+ .prev_next a,.prev_next+ .first_last a,.first_last:nth-child(3) a,,
73,http://whengeekswed.com/blog/,UTF-8,,"#inner-wrap .page , .last",.last+ a,,,,
74,http://whengeekswed.com/blog/page/12/,UTF-8,.page-nav a:nth-child(1),".last , #inner-wrap .page , .first",.last+ a,,,,
75,http://whengeekswed.com/blog/page/91/,UTF-8,.page-nav a:nth-child(1),"#inner-wrap .page , .first",,,,,
76,https://playrust.com/,UTF-8,,"li:nth-child(4) .page-numbers , li:nth-child(3) .page-numbers , li:nth-child(2) .page-numbers , li:nth-child(6) .page-numbers",.next,,,,
77,https://playrust.com/page/4/,UTF-8,.prev,"li:nth-child(3) .page-numbers , li:nth-child(4) .page-numbers , .current , li:nth-child(6) .page-numbers , li:nth-child(7) .page-numbers , li:nth-child(8) .page-numbers , li:nth-child(10) .page-numbers , li:nth-child(2) .page-numbers",.next,,,,
78,https://facepunch.com/forumdisplay.php?f=415,cp1252,,"#threads .threadpagenav a , span:nth-child(15) a , span:nth-child(14) a , span:nth-child(13) a , span:nth-child(12) a , span:nth-child(11) a , span:nth-child(10) a , span:nth-child(9) a , span:nth-child(8) a , span:nth-child(7) a , span:nth-child(6) a , .selected a , .selected+ span a",.prev_next a,.first_last a,,,
79,http://facebookpostmarketing.blogspot.ru/,UTF-8,,"a:nth-child(8) , a:nth-child(7) , .current+ a",a:nth-child(9),,,,
80,http://www.juanmerodio.com/,UTF-8,,.larger,.nextpostslink,.last,,,
81,http://www.juanmerodio.com/page/7/,UTF-8,.previouspostslink,#wp-pagenavibox .page,.nextpostslink,.last,.first,,
82,http://www.regtransfers.co.uk/,UTF-8,,,,,,,
83,http://www.regtransfers.co.uk/content/marketing-your-business/most-expensive-240215/,UTF-8,,p:nth-child(19) a,p:nth-child(18) a,,,,
84,http://www.regtransfers.co.uk/content/marketing-your-business/most-expensive-240215-p2/,UTF-8,.social4i+ p a,#wordpresscontent p+ p a,,,,,
85,http://www.lazialita.com/,UTF-8,,,,,,,
86,http://lnx.lazialita.com/category/notizia-del-giorno/,UTF-8,,,.next,,,,
87,http://www.pokemonpets.com/,UTF-8,,,,,,,
88,http://www.pokemonpets.com/Pokedex,UTF-8,.pagination_Prev,".pagination_Not_Selected , .pagination_Selected",.pagination_Next,,,,
89,http://forum.pokemonpets.com/,UTF-8,,,,,,,
90,http://forum.pokemonpets.com/memberlist.php,UTF-8,,".pagination_last , .pagination_page",.pagination_next,,,,
91,http://forum.pokemonpets.com/memberlist.php?sort=regdate&order=ascending&perpage=20&page=11,UTF-8,.pagination_previous,".pagination_last , .pagination_page , .pagination_first",.pagination_next,,,,
92,http://forum.pokemonpets.com/Calendar-Default-Calendar,UTF-8,,,,,,,
93,http://www.rc-race-shop.de/product-featured.php?xploidid=4ra492h82a63dg4t0an2jupeb6,cp1252,,".pager li:nth-child(5) a , .pager li:nth-child(3) a",#switch_listing li:nth-child(7) a,,,,
94,http://www.rc-race-shop.de/product-featured.php?page=2,cp1252,.pager li:nth-child(1) a,"#switch_listing li:nth-child(7) a , .pager li:nth-child(3) a",#switch_listing li:nth-child(9) a,,,,
95,http://streetstorm.ru/blog/,cp1251,,".text a:nth-child(3) , .text a:nth-child(4) , .text a:nth-child(5) , b+ a",a:nth-child(6),a:nth-child(7),,,
96,http://streetstorm.ru/blog/index.php?PAGEN_1=5,cp1251,.text a:nth-child(2),".text a:nth-child(4) , b+ a , a:nth-child(7) , .text a:nth-child(3)",a:nth-child(8),a:nth-child(9),.text > a:nth-child(1),,
97,http://ediaryhiroko.com/,UTF-8,#nav-below a,,,,,,
98,http://ediaryhiroko.com/?paged=2,UTF-8,.nav-previous a,,.nav-next a,,,,
99,http://ipribeh.cz/,UTF-8,.previous a,,,,,,
100,http://ipribeh.cz/page/3,UTF-8,.previous a,,.next a,,,,
101,http://indomotoblog.net/,UTF-8,,,.post+ a,,,1,nested a elements
102,http://indomotoblog.net/page/3/,UTF-8,.post+ a,,.post~ a+ a,,,1,nested a elements
103,http://www.taximobility.com/blog/,UTF-8,#nav-below a,,,,,,
104,http://www.taximobility.com/blog/page/4/,UTF-8,.nav-previous a,,.nav-next a,,,,
105,https://iphone-lab.net/,UTF-8,,,,,,,
106,https://iphone-lab.net/articles/,UTF-8,.previous a,.inactive,.next a,.last a,.first a,,
107,https://iphone-lab.net/articles/page/9/,UTF-8,.previous a,.inactive,.next a,.last a,.first a,,
108,http://www.nostalgieimkinderzimmer.de/lieblingsmarken/jabadabado.html,UTF-8,,".pages li:nth-child(3) a , .current+ li a",.i-next .v-middle,,,,
109,http://www.nostalgieimkinderzimmer.de/lieblingsmarken/jabadabado.html?ajax=0&p=3,UTF-8,.i-previous .v-middle,.pages li+ li a,,,,,
110,http://www.annaoriona.ru/,UTF-8,,".pagination-active a , #sp-component li:nth-child(3) a , #sp-component li:nth-child(4) a , #sp-component li:nth-child(5) a , #sp-component li:nth-child(6) a , #sp-component li:nth-child(7) a , .pagination-active+ li a",#sp-component li:nth-child(8) a,#sp-component li:nth-child(9) a,,,
111,http://www.annaoriona.ru/?start=10,UTF-8,#sp-component li:nth-child(2) a,"#sp-component li:nth-child(4) a , #sp-component li:nth-child(5) a , #sp-component li:nth-child(6) a , #sp-component li:nth-child(7) a , .pagination-active a , .pagination-active+ li a , #sp-component li:nth-child(3) a",#sp-component li:nth-child(10) a,li:nth-child(11) a,#sp-component li:nth-child(1) a,,
112,http://www.serverworlds.com/blog/,UTF-8,,.PagingList a,#CategoryPagingBottom .FloatRight a,,,,
113,http://www.serverworlds.com/blog/?page=5,UTF-8,.FloatLeft a,.PagingList a,,,,,
114,http://washington.org/find-dc-listings/dc-events,UTF-8,.go-prev,.page-number a,.go-next,,,,
115,http://washington.org/find-dc-listings/dc-events?start=14,UTF-8,.go-prev,.page-number a,.go-next,,,,
116,http://events.jacksonville.com/,UTF-8,,,.more-link a,,,,
117,http://events.jacksonville.com/events?date[value]&tid=All&page=1,UTF-8,.previous a,"#main-content li:nth-child(7) a , #main-content li:nth-child(8) a , #main-content li:nth-child(9) a , #main-content li:nth-child(10) a , #main-content li:nth-child(11) a , #main-content li:nth-child(6) a , .current+ li a , .previous+ li a",.next a,#main-content .last a,#main-content .first a,,
118,http://www.nycgovparks.org/events,UTF-8,,"a:nth-child(5) , a:nth-child(6) , .parks_paging_ellip+ a , .parks_page_selected+ a",.parks_paging_ellip~ a+ a,,,,
119,http://www.nycgovparks.org/events/p188,UTF-8,strong+ a,"a:nth-child(11) , a:nth-child(10) , .parks_page_selected+ a , a:nth-child(7) , a:nth-child(6) , .parks_paging_ellip+ a , #maincontent a:nth-child(3)",a:nth-child(14),,,,
120,http://lahejsultan.com/index.asp,UTF-8,,,,,,,
121,http://taylormorriseyewear.com/shop/collection?limit=15,UTF-8,,".pages li:nth-child(4) a , .pages li:nth-child(3) a , .current+ li a",.i-next,,,,
122,http://taylormorriseyewear.com/shop/collection?limit=15&p=3,UTF-8,.i-previous,".pages li:nth-child(3) , .pages li:nth-child(2) , .current+ li",.current~ li+ li,,,,
123,http://taylormorriseyewear.com/shop/,UTF-8,,,,,,,
124,http://gamingshogun.com/,UTF-8,,".current+ .page-numbers , .page-numbers:nth-child(3) , .dots+ .page-numbers",.next,,,,
125,http://gamingshogun.com/page/19/,UTF-8,.prev,".page-numbers:nth-child(5) , .current+ .page-numbers , .page-numbers:nth-child(8) , .dots+ .page-numbers , .prev+ .page-numbers",.next,,,,
126,http://gamingshogun.com/page/398/,UTF-8,.prev,".page-numbers:nth-child(5) , .current+ .page-numbers , .page-numbers:nth-child(8) , .dots+ .page-numbers , .prev+ .page-numbers",.next,,,,
127,http://www.arcacenter.com.br/,UTF-8,,,,,,,
128,http://www.arcacenter.com.br/lancamentos.html,UTF-8,,".pages li:nth-child(5) a , .pages li:nth-child(4) a , .pages li:nth-child(3) a , .current+ li a",.i-next,,,,
129,http://www.arcacenter.com.br/lancamentos.html,UTF-8,.i-previous,.pages a,,,,1,
130,http://www.eordaialive.com/live/index.php,UTF-8,,".paginate:nth-child(13) , .paginate:nth-child(12) , .paginate:nth-child(11) , .paginate:nth-child(10) , .paginate:nth-child(9) , .paginate:nth-child(8) , .paginate:nth-child(7) , .paginate:nth-child(6) , .paginate:nth-child(5) , .paginate:nth-child(4) , .current_paginator+ .paginate",.paginate:nth-child(14),,,,
131,http://www.eordaialive.com/live/index.php?page=26&ipp=20&,UTF-8,.paginate:nth-child(1),".paginate:nth-child(13) , .paginate:nth-child(12) , .paginate:nth-child(11) , .paginate:nth-child(10) , .current_paginator+ .paginate , .paginate:nth-child(7) , .paginate:nth-child(6) , .paginate:nth-child(5) , .paginate:nth-child(4) , .paginate:nth-child(3) , .paginate:nth-child(14) , .paginate:nth-child(2)",.paginate:nth-child(15),,,,
132,http://www.eordaialive.com/live/news.php?lang=173&cat=154&newid=13066,UTF-8,,,,,,,
133,https://www.disfracesjarana.com/,UTF-8,,,,,,,
134,https://www.disfracesjarana.com/disfraces-adultos/disfraces-para-los-dos?categorylayout=0,UTF-8,#bottom-pagination-top .firstItem+ li a,"li:nth-child(12) a , #bottom-pagination-top li:nth-child(11) a , #bottom-pagination-top li:nth-child(10) a , #bottom-pagination-top li:nth-child(9) a , #bottom-pagination-top li:nth-child(8) a , #bottom-pagination-top li:nth-child(7) a , #bottom-pagination-top li:nth-child(6) a , #bottom-pagination-top li:nth-child(5) a , #bottom-pagination-top li:nth-child(3) a",.next a,#bottom-pagination-top .lastItem a,#bottom-pagination-top .firstItem a,,
135,https://www.disfracesjarana.com/disfraces-adultos/disfraces-para-los-dos/pareja-de-disfraces-de-vigilante-de-la-playa-y-tiburon.html,UTF-8,,,,,,,
136,https://disfracesjarana.com/blog/,UTF-8,,".dots+ .page-numbers , .page-numbers:nth-child(3) , .current+ .page-numbers",.next,,,,
137,https://disfracesjarana.com/blog/category/disfraces_jarana/page/62/,UTF-8,.prev,".page-numbers:nth-child(5) , .current+ .page-numbers , .page-numbers:nth-child(8) , .dots+ .page-numbers , .prev+ .page-numbers",.next,,,,
138,https://disfracesjarana.com/blog/2016/01/,UTF-8,,.current+ .page-numbers,.next,,,,
139,http://www.infor-ingen.com/,cp1252,,,,,,,
140,http://www.infor-ingen.cl/2014/index.php?route=product/category&path=127_130,cp1252,,"a:nth-child(7) , a:nth-child(6) , a:nth-child(5) , #brainyfilter-product-container a:nth-child(4) , #brainyfilter-product-container .links a:nth-child(3) , b+ a",a:nth-child(8),a:nth-child(9),,,
141,http://www.infor-ingen.cl/index.php?route=product/category&path=127_130&page=5,cp1252,#brainyfilter-product-container .links a:nth-child(2),"a:nth-child(9) , b+ a , a:nth-child(6) , a:nth-child(5) , #brainyfilter-product-container a:nth-child(4) , #brainyfilter-product-container .links a:nth-child(3)",a:nth-child(10),a:nth-child(11),#brainyfilter-product-container .links a:nth-child(1),,
142,http://www.towerrevo.jp/,UTF-8,,,,,,,
143,http://www.towerrevo.jp/date/2014/03/,UTF-8,,,,,,,
144,http://www.musicloops.com/,cp1252,,,.next,,,1,can’t select pages
145,http://www.icelandair.no/,UTF-8,,,,,,,
146,http://www.icelandair.no/nyheter/,UTF-8,,.paginationPageLink a,.paginationLink a,,,,
147,http://ecochildsplay.com/,UTF-8,,,,,,,
148,http://ecochildsplay.com/category/parenting/,UTF-8,,".active a , .pagination li:nth-child(3) a , .pagination-omission+ li a , .active+ li a",.pagination-next a,,,,
149,http://ecochildsplay.com/category/parenting/page/148/,UTF-8,.pagination-previous a,.pagination li+ li a,,,,,
150,http://ecochildsplay.com/2008/01/05/acting-green-by-acting-retro-%E2%80%93-food-storage-the-old-fashioned-way/#comments,UTF-8,,,,,,,
151,http://ecochildsplay.com/2015/05/,UTF-8,,".active a , .active+ li a , .pagination li:nth-child(3) a",.pagination-next a,,,,
152,http://ecochildsplay.com/2014/11/page/2/,UTF-8,.pagination-previous a,".active a , .pagination-previous+ li a",,,,,
153,http://www.modaynovias.net/,UTF-8,,.page,.nextpostslink,.last,,,
154,http://www.modaynovias.net/page/20,UTF-8,.previouspostslink,.page,.nextpostslink,.last,.first,,
155,http://www.modaynovias.net/consigue-unas-unas-con-esmalte-reptil.html#more-5969,UTF-8,,,,,,,
156,http://www.thefrumps.com/,UTF-8,.comic-nav-previous,,,,.comic-nav-first,,
157,http://www.thefrumps.com/comic/2013/01/24/highlander-fights,UTF-8,.comic-nav-previous,,.comic-nav-next,.comic-nav-last,.comic-nav-first,,
158,http://www.thefrumps.com/comic/chapter/comics,UTF-8,,"li:nth-child(6) a , #paginav li:nth-child(5) a , #paginav li:nth-child(4) a , .paginav-current+ li a",.paginav-next a,.paginav-next+ li a,,,
159,http://www.thefrumps.com/comic/chapter/comics/page/24,UTF-8,.paginav-previous a,".paginav-current+ li a , li:nth-child(8) a , #paginav li:nth-child(5) a , .paginav-previous+ li a",.paginav-next a,.paginav-next+ li a,.paginav-pages+ li a,,
160,http://www.thefrumps.com/store,UTF-8,,,,,,,
161,http://kijonan.com/,UTF-8,,,,,,,
162,http://kijonan.com/archives/cat_103640.html,UTF-8,,.paging-number a,.paging-next a,.paging-last a,,,
163,http://kijonan.com/archives/cat_103640.html?p=9,UTF-8,.paging-prev a,.paging-number a,.paging-next a,.paging-last a,.paging-first a,,
164,http://inmykonos.com/,UTF-8,,,,,,,
165,http://inmykonos.com/news.html,UTF-8,.disabled,"#content .active , .active+ .btn",.active~ .btn+ .btn,,,,
166,http://inmykonos.com/shop-in-mykonos/fashion.html,UTF-8,.disabled,,.next,,,,
167,http://inmykonos.com/shop-in-mykonos/fashion.html?page=3,UTF-8,.prev,,.next,,,,
168,http://labuenasemilla.net/,UTF-8,,,,,,,
169,http://www.masterhorologer.com/,UTF-8,#Blog1_blog-pager-older-link,,,,,,
170,http://www.masterhorologer.com/search?updated-max=2016-03-18T11:07:00-05:00&max-results=1,UTF-8,#Blog1_blog-pager-older-link,,#Blog1_blog-pager-newer-link,,,,
171,http://www.masterhorologer.com/search?updated-max=2016-03-18T09:57:00-05:00&max-results=1&start=2&by-date=false,UTF-8,#Blog1_blog-pager-older-link,,#Blog1_blog-pager-newer-link,,,,
172,http://mightyfingers.com/,UTF-8,,,,,,,
173,http://mightyfingers.com/blog/,UTF-8,.nav-previous,,,,,,
174,http://mightyfingers.com/blog/page/4/,UTF-8,.nav-previous,,.nav-next,,,,
175,http://www.fashionlush.com/,UTF-8,,".dots+ .page-numbers , .current+ .page-numbers",.next,,,,
176,http://www.fashionlush.com/page/172/,UTF-8,.prev,".dots+ .page-numbers , .current+ .page-numbers , .prev+ .page-numbers",.next,,,,
177,http://pulsimo.com/,cp1252,,,,,,,
178,http://educationhp.org/index.html,UTF-8,,,,,,,
179,http://educationhp.org/resource_manager.aspx,UTF-8,,,,,,,
180,http://hindutvaonline.co.in/,UTF-8,.nav-previous a,,,,,,
181,http://hindutvaonline.co.in/page/2/,UTF-8,.nav-previous a,,.nav-next a,,,,
182,http://hindutvaonline.co.in/page/3/,UTF-8,.nav-previous a,,.nav-next a,,,,
183,http://jslcae.com/,UTF-8,,,,,,,
184,http://jslcae.com/huiyuanfuwu/huodongzhuanqu/,UTF-8,,.thisclass+ li a,#sunpage li:nth-child(4) a,#sunpage li:nth-child(5) a,,,
185,http://jslcae.com/xingyexinwen/list_48_2.html,UTF-8,#sunpage li:nth-child(2) a,".thisclass+ li a , #sunpage li:nth-child(3) a",#sunpage li:nth-child(6) a,#sunpage li:nth-child(7) a,#sunpage li:nth-child(1) a,,
186,http://pcbheaven.com/,cp1252,center strong,,,,,,
187,http://www.pcbheaven.com/opendir/?p=1,cp1252,li:nth-child(1) .prevnext,li+ li a,a+ li .prevnext,,,1,??
188,http://www.pcbheaven.com/opendir/?p=17,cp1252,li:nth-child(1) .prevnext,li+ li a,a+ li .prevnext,,,,
189,http://www.pcbheaven.com/forum/,cp1252,,,,,,,
190,http://www.pcbheaven.com/forum/index.php?board=18.0,cp1252,,.navPages,,,,,
191,http://www.dibru.ac.in/,UTF-8,,,,,,,
192,http://www.dibru.ac.in/index.php/news-events?limit=10&start=80,UTF-8,#adminForm li:nth-child(2) a,"#adminForm li:nth-child(4) a , #adminForm li:nth-child(5) a ,#adminForm li:nth-child(6) a ,#adminForm li:nth-child(7) a , #adminForm li:nth-child(8) a ,#adminForm li:nth-child(9) a ,#adminForm .active+ li a ,#adminForm li:nth-child(12) a , #adminForm li:nth-child(3) a",#adminForm li:nth-child(13) a,#adminForm li:nth-child(14) a,#adminForm li:nth-child(1) a,,
193,http://aussiev8.com.au/,cp1252,,,,,,,
194,http://www.aussiev8.com.au/comedy-central/,cp1252,,"#threads .pagination a , #yui-gen9 .selected a , .selected+ span a , span:nth-child(5) a , span:nth-child(6) a , span:nth-child(7) a , span:nth-child(8) a , #stickies .pagination a",.prev_next a,.first_last a,,,
195,http://www.aussiev8.com.au/comedy-central/index53.html,cp1252,.first_last+ .prev_next a,"#threads .pagination a , #stickies .pagination a , span:nth-child(15) a , span:nth-child(14) a , span:nth-child(13) a , .selected+ span a , span:nth-child(10) a , span:nth-child(9) a , span:nth-child(8) a , span:nth-child(7) a , span:nth-child(6) a",.separator+ .prev_next a,.prev_next+ .first_last a,.first_last:nth-child(3) a,,
196,http://www.baldur-garten.ch/,UTF-8,,,,,,,
197,http://www.baldur-garten.ch/search/result.html?query=*&filter=Farbe&option=mehrfarbig,UTF-8,,.paginator a,,,,,
198,http://www.baldur-garten.ch/search/result.html?page=8&pageSize=32,UTF-8,,.paginator a,,,,,
199,http://www.baldur-nederland.nl/unterkategorie/Blumenstauden/Vaste+planten/Bloeiende+struiken/detail.html,UTF-8,,.paginator a,,,,,
200,http://www.baldur-nederland.nl/unterkategorie/Blumenstauden/Vaste+planten/Bloeiende+struiken/detail.html?page=4&pageSize=32,UTF-8,,.paginator a,,,,,
201,http://www.darkveins.com/,UTF-8,,,,,,,
202,http://www.darkveins.com/horror-news/,UTF-8,,.page,#tie-next-page a,.last,,,
203,http://www.darkveins.com/horror-news/page/20/,UTF-8,a:nth-child(5),.page,#tie-next-page a,.last,.first,,
